-- ============================================================================
-- USERS
-- ============================================================================
INSERT INTO Users (user_id, full_name, email, city, registration_date) 
VALUES
(1, 'Alice Johnson', 'alice@example.com', 'New York', '2024-12-01'),
(2, 'Bob Smith', 'bob@example.com', 'Los Angeles', '2024-12-05'),
(3, 'Charlie Lee', 'charlie@example.com', 'Chicago', '2024-12-10'),
(4, 'Diana King', 'diana@example.com', 'New York', '2025-01-15'),
(5, 'Ethan Hunt', 'ethan@example.com', 'Los Angeles', '2025-02-01'),
(6,'Frank Miller', 'frank@example.com', 'Chicago', '2025-03-01'),
(7,'Grace Wilson', 'grace@example.com', 'New York', '2025-03-05'),
(8,'Henry Clark', 'henry@example.com', 'Dallas', '2025-03-10'),
(9,'Isabella Moore', 'isabella@example.com', 'Chicago', '2025-03-12'),
(10,'Jack Taylor', 'jack@example.com', 'Los Angeles', '2025-03-15'),
(11,'Karen White', 'karen@example.com', 'Dallas', '2025-03-18'),
(12,'Liam Brown', 'liam@example.com', 'New York', '2025-03-20'),
(13,'Mia Davis', 'mia@example.com', 'Chicago', '2025-03-22'),
(14,'Noah Garcia', 'noah@example.com', 'Los Angeles', '2025-03-25'),
(15,'Olivia Martin', 'olivia@example.com', 'Dallas', '2025-03-28');

-- ============================================================================
-- EVENTS
-- ============================================================================
INSERT INTO Events (event_id, title, description, city, start_date, end_date, status, organizer_id) 
VALUES 
(1, 'Tech Innovators Meetup', 'A meetup for tech enthusiasts.', 'New York', '2025-06-10 10:00:00', '2025-06-10 16:00:00', 'upcoming', 1),
(2, 'AI & ML Conference', 'Conference on AI and ML advancements.', 'Chicago', '2025-05-15 09:00:00', '2025-05-15 17:00:00', 'completed', 3),
(3, 'Frontend Development Bootcamp', 'Hands-on training on frontend tech.', 'Los Angeles', '2025-07-01 10:00:00', '2025-07-03 16:00:00', 'upcoming', 2),
(4,'Cloud Summit','Cloud Computing Conference','Dallas',
'2025-08-10 09:00:00','2025-08-10 18:00:00','upcoming',6),
(5,'Cyber Security Expo','Security Best Practices',
'Chicago',
'2025-04-15 09:00:00','2025-04-15 18:00:00',
'completed',7),
(6,'Java Developer Meetup','Java Community Event',
'New York',
'2025-09-01 10:00:00','2025-09-01 16:00:00',
'upcoming',8),
(7,'Data Science Workshop','Data Analytics Training',
'Los Angeles',
'2025-03-10 09:00:00','2025-03-10 17:00:00',
'completed',9),
(8,'DevOps Bootcamp','CI/CD and Docker',
'Dallas',
'2025-10-05 09:00:00','2025-10-07 17:00:00',
'upcoming',10);


-- ============================================================================
-- SESSIONS
-- ============================================================================
INSERT INTO Sessions (session_id, event_id, title, speaker_name, start_time, end_time)
VALUES
(1, 1, 'Opening Keynote', 'Dr. Tech', '2025-06-10 10:00:00', '2025-06-10 11:00:00'),
(2, 1, 'Future of Web Dev', 'Alice Johnson', '2025-06-10 11:15:00', '2025-06-10 12:30:00'),
(3, 2, 'AI in Healthcare', 'Charlie Lee', '2025-05-15 09:30:00', '2025-05-15 11:00:00'),
(4, 3, 'Intro to HTML5', 'Bob Smith', '2025-07-01 10:00:00', '2025-07-01 12:00:00'),
(5,4,'AWS Fundamentals','Alice Johnson',
'2025-08-10 09:00:00',
'2025-08-10 10:30:00'),
(6,4,'Azure Deep Dive','Alice Johnson',
'2025-08-10 10:00:00',
'2025-08-10 11:30:00'),
(7,4,'Cloud Security','Bob Smith',
'2025-08-10 12:00:00',
'2025-08-10 13:00:00'),
(8,5,'Ethical Hacking','Charlie Lee',
'2025-04-15 09:00:00',
'2025-04-15 11:00:00'),
(9,5,'Network Security','Charlie Lee',
'2025-04-15 10:30:00',
'2025-04-15 12:00:00'),
(10,6,'Java Streams','Dr Java',
'2025-09-01 10:00:00',
'2025-09-01 11:00:00'),
(11,6,'Spring Boot','Dr Java',
'2025-09-01 11:30:00',
'2025-09-01 12:30:00'),
(12,7,'Python for DS','Data Guru',
'2025-03-10 09:00:00',
'2025-03-10 11:00:00'),
(13,7,'Machine Learning','Data Guru',
'2025-03-10 11:15:00',
'2025-03-10 13:00:00');

-- ============================================================================
-- REGISTRATIONS
-- ============================================================================
INSERT INTO Registrations (registration_id, user_id, event_id, registration_date)
VALUES
(1, 1, 1, '2025-05-01'),
(2, 2, 1, '2025-05-02'),
(3, 3, 2, '2025-04-30'),
(4, 4, 2, '2025-04-28'),
(5, 5, 3, '2025-06-15'),
(6,1,4,'2025-07-01'),
(7,2,4,'2025-07-02'),
(8,3,4,'2025-07-03'),
(9,4,4,'2025-07-04'),
(10,5,4,'2025-07-05'),
(11,6,5,'2025-04-01'),
(12,7,5,'2025-04-01'),
(13,8,5,'2025-04-02'),
(14,9,5,'2025-04-02'),
(15,10,5,'2025-04-03'),
(16,11,6,'2025-08-01'),
(17,12,6,'2025-08-01'),
(18,13,6,'2025-08-02'),
(19,14,6,'2025-08-02'),
(20,15,6,'2025-08-03'),
(21,1,7,'2025-02-20'),
(22,2,7,'2025-02-21'),
(23,3,7,'2025-02-22'),
(24,4,7,'2025-02-23'),
(25,5,7,'2025-02-24'),
(26,6,8,'2025-09-01'),
(27,7,8,'2025-09-01'),
(28,8,8,'2025-09-02');

-- ============================================================================
-- FEEDBACK
-- ============================================================================
INSERT INTO Feedback (feedback_id, user_id, event_id, rating, comments, feedback_date)
VALUES
(1, 3, 2, 4, 'Great insights!', '2025-05-16'),
(2, 4, 2, 5, 'Very informative.', '2025-05-16'),
(3, 2, 1, 3, 'Could be better.', '2025-06-11'),
(4,1,5,5,'Excellent','2025-04-16'),
(5,2,5,4,'Very Good','2025-04-16'),
(6,3,5,5,'Amazing','2025-04-16'),
(7,4,5,4,'Useful','2025-04-16'),
(8,5,5,5,'Great','2025-04-16'),
(9,6,5,5,'Outstanding','2025-04-16'),
(10,7,5,4,'Helpful','2025-04-16'),
(11,8,5,5,'Loved it','2025-04-16'),
(12,9,5,4,'Good','2025-04-16'),
(13,10,5,5,'Perfect','2025-04-16'),
(14,11,5,5,'Fantastic','2025-04-16'),
(15,12,7,2,'Needs improvement','2025-03-11'),
(16,13,7,1,'Poor content','2025-03-11'),
(17,14,7,3,'Average','2025-03-11');

-- ============================================================================
-- RESOURCES
-- ============================================================================
INSERT INTO Resources (resource_id, event_id, resource_type, resource_url, uploaded_at)
VALUES
(1, 1, 'pdf', 'https://portal.com/resources/tech_meetup_agenda.pdf', '2025-05-01 10:00:00'),
(2, 2, 'image', 'https://portal.com/resources/ai_poster.jpg', '2025-04-20 09:00:00'),
(3, 3, 'link', 'https://portal.com/resources/html5_docs', '2025-06-25 15:00:00'),
(4,4,'pdf','https://portal.com/cloud_guide.pdf',
'2025-07-01 10:00:00'),
(5,4,'image','https://portal.com/cloud_banner.jpg',
'2025-07-01 11:00:00'),
(6,5,'pdf','https://portal.com/security_notes.pdf',
'2025-04-01 10:00:00'),
(7,6,'link','https://portal.com/java_docs',
'2025-08-01 10:00:00');